name,path,container,size,date,time,ext,ext2,type,archive
YIvKjolRykLxnOxjZ2eM02n9 (1).jxl,E:\1Hub\EH\[02COS]\[Dal]\#compare\#DAL\Abi 3000JPY\YIvKjolRykLxnOxjZ2eM02n9 (1).jxl,,250761,2025-04-21,23:17:50,jxl,jxl,file,
6gDdSQYlLHsxujF6tj1dpi7B (1).jxl,E:\1Hub\EH\[02COS]\[Dal]\#compare\#DAL\Doro\6gDdSQYlLHsxujF6tj1dpi7B (1).jxl,,191704,2025-04-21,23:17:51,jxl,jxl,file,
yttQxshNYccAqrPpso1tDycF (1).jxl,E:\1Hub\EH\[02COS]\[Dal]\#compare\#DAL\Ellen Joe\yttQxshNYccAqrPpso1tDycF (1).jxl,,184235,2025-04-21,23:17:56,jxl,jxl,file,
p1kEVMCnT3xHzG3OgbYqQNwi (1).jxl,E:\1Hub\EH\[02COS]\[Dal]\#compare\#DAL\Kafu_\p1kEVMCnT3xHzG3OgbYqQNwi (1).jxl,,253023,2025-04-21,23:18:12,jxl,jxl,file,
xO66yr69uId5rljCSz9OIz2F (1).jxl,E:\1Hub\EH\[02COS]\[Dal]\#compare\#DAL\Yunli 1500JPY\xO66yr69uId5rljCSz9OIz2F (1).jxl,,102212,2025-04-21,23:18:42,jxl,jxl,file,
xQyciTdZBFcz6EAa0qEf77rd (1).jxl,E:\1Hub\EH\[02COS]\[Dal]\#compare\#DAL\„ÇÜ„Åã„Çä 3000JPY\xQyciTdZBFcz6EAa0qEf77rd (1).jxl,,103371,2025-04-21,01:57:16,jxl,jxl,file,
6lnSxTiPBzNTc4OHpcfZsF0u (1).jxl,E:\1Hub\EH\[02COS]\[Dal]\#compare\#DAL\Âú∞Èõ∑Á≥ª\6lnSxTiPBzNTc4OHpcfZsF0u (1).jxl,,698693,2024-11-22,00:14:32,jxl,jxl,file,
TQT31HhA85VajHYjocK8oUAw.jxl,E:\1Hub\EH\[02COS]\[Dal]\#compare\#DAL\ü¶ä\TQT31HhA85VajHYjocK8oUAw.jxl,,83370,2025-04-21,23:18:57,jxl,jxl,file,
r8MQIOjlDFBzKL2Wz5uZpGrA (1).jxl,E:\1Hub\EH\[02COS]\[Dal]\#compare\DA Kisak\Kisaki 2\r8MQIOjlDFBzKL2Wz5uZpGrA (1).jxl,,95474,2025-04-21,23:18:58,jxl,jxl,file,
iR0dPSE6EfnNByEjvVGEArfl (1).jxl,E:\1Hub\EH\[02COS]\[Dal]\#compare\DA; - „Éï„É©„É≥„Éâ„Éº„É´\iR0dPSE6EfnNByEjvVGEArfl (1).jxl,,103248,2025-04-21,01:57:33,jxl,jxl,file,
012_FJ36Z6sEFTxCDjEoU0gmNbWv (1).jxl,E:\1Hub\EH\[02COS]\[Dal]\#compare\[@aazsxx2][01fanbox ÁîªÈõÜ]\012_FJ36Z6sEFTxCDjEoU0gmNbWv (1).jxl,,258637,2025-04-21,01:57:50,jxl,jxl,file,
013_lu11VGE5omsohLHfx8DhNTOH (1).jxl,E:\1Hub\EH\[02COS]\[Dal]\#compare\[@aazsxx2][01fanbox ÁîªÈõÜ]\013_lu11VGE5omsohLHfx8DhNTOH (1).jxl,,61612,2025-04-21,01:57:50,jxl,jxl,file,
014_MWPEIVb2BHy5IiZXuVPEXupD (1).jxl,E:\1Hub\EH\[02COS]\[Dal]\#compare\[@aazsxx2][01fanbox ÁîªÈõÜ]\014_MWPEIVb2BHy5IiZXuVPEXupD (1).jxl,,204084,2025-04-21,01:57:50,jxl,jxl,file,
016_5QUMRqjL40b9uf5z53eAcNkp (1).jxl,E:\1Hub\EH\[02COS]\[Dal]\#compare\[@aazsxx2][01fanbox ÁîªÈõÜ]\016_5QUMRqjL40b9uf5z53eAcNkp (1).jxl,,204291,2025-04-21,01:57:51,jxl,jxl,file,
018_65SMgVdCBEBNj6ajNg1TSvSS (1).jxl,E:\1Hub\EH\[02COS]\[Dal]\#compare\[@aazsxx2][01fanbox ÁîªÈõÜ]\018_65SMgVdCBEBNj6ajNg1TSvSS (1).jxl,,127982,2025-04-21,01:57:53,jxl,jxl,file,
020_DOnQ562kQkFUSiMTOp4TvnFB (1).jxl,E:\1Hub\EH\[02COS]\[Dal]\#compare\[@aazsxx2][01fanbox ÁîªÈõÜ]\020_DOnQ562kQkFUSiMTOp4TvnFB (1).jxl,,321839,2025-04-21,01:57:54,jxl,jxl,file,
023_BZDnYCQ8nfEm2zBUChleNik5 (1).jxl,E:\1Hub\EH\[02COS]\[Dal]\#compare\[@aazsxx2][01fanbox ÁîªÈõÜ]\023_BZDnYCQ8nfEm2zBUChleNik5 (1).jxl,,259230,2025-04-21,01:57:55,jxl,jxl,file,
025_e78J82prW6Po1vO15qqGzwLK (1).jxl,E:\1Hub\EH\[02COS]\[Dal]\#compare\[@aazsxx2][01fanbox ÁîªÈõÜ]\025_e78J82prW6Po1vO15qqGzwLK (1).jxl,,232141,2025-04-21,01:57:56,jxl,jxl,file,
028_Q9iQkw25mIEHGp7AfUae46pY (1).jxl,E:\1Hub\EH\[02COS]\[Dal]\#compare\[@aazsxx2][01fanbox ÁîªÈõÜ]\028_Q9iQkw25mIEHGp7AfUae46pY (1).jxl,,215992,2025-04-21,01:57:58,jxl,jxl,file,
029_rpLTvuW2Gv8DYfOR4DezerUa (1).jxl,E:\1Hub\EH\[02COS]\[Dal]\#compare\[@aazsxx2][01fanbox ÁîªÈõÜ]\029_rpLTvuW2Gv8DYfOR4DezerUa (1).jxl,,174350,2025-04-21,01:57:58,jxl,jxl,file,
030_t3VB5uGOHLbaqjx90jaa1rrj (1).jxl,E:\1Hub\EH\[02COS]\[Dal]\#compare\[@aazsxx2][01fanbox ÁîªÈõÜ]\030_t3VB5uGOHLbaqjx90jaa1rrj (1).jxl,,177198,2025-04-21,01:57:59,jxl,jxl,file,
031_V94Rx3c3jcwaBACJ89QsSrDW (1).jxl,E:\1Hub\EH\[02COS]\[Dal]\#compare\[@aazsxx2][01fanbox ÁîªÈõÜ]\031_V94Rx3c3jcwaBACJ89QsSrDW (1).jxl,,194314,2025-04-21,01:57:59,jxl,jxl,file,
032_VgPmeScZ04EkThET5Dnygs0L (1).jxl,E:\1Hub\EH\[02COS]\[Dal]\#compare\[@aazsxx2][01fanbox ÁîªÈõÜ]\032_VgPmeScZ04EkThET5Dnygs0L (1).jxl,,215054,2025-04-21,01:58:00,jxl,jxl,file,
036_8Sg2G7TiQLoCR7qjbKaHHkBz (1).jxl,E:\1Hub\EH\[02COS]\[Dal]\#compare\[@aazsxx2][01fanbox ÁîªÈõÜ]\036_8Sg2G7TiQLoCR7qjbKaHHkBz (1).jxl,,270936,2025-04-21,01:58:01,jxl,jxl,file,
037_BdFjHMGRjqcdxJnUeR7cDbX8 (1).jxl,E:\1Hub\EH\[02COS]\[Dal]\#compare\[@aazsxx2][01fanbox ÁîªÈõÜ]\037_BdFjHMGRjqcdxJnUeR7cDbX8 (1).jxl,,190643,2025-04-21,01:58:02,jxl,jxl,file,
038_dWZNfXS7AdYJIVE0JRFN6IVL (1).jxl,E:\1Hub\EH\[02COS]\[Dal]\#compare\[@aazsxx2][01fanbox ÁîªÈõÜ]\038_dWZNfXS7AdYJIVE0JRFN6IVL (1).jxl,,191712,2025-04-21,01:58:02,jxl,jxl,file,
039_EDeTcDQFxnexOTKpc8q2gy43 (1).jxl,E:\1Hub\EH\[02COS]\[Dal]\#compare\[@aazsxx2][01fanbox ÁîªÈõÜ]\039_EDeTcDQFxnexOTKpc8q2gy43 (1).jxl,,147362,2025-04-21,01:58:03,jxl,jxl,file,
041_Vxt3nW3FclIadw6AajaAlmoq (1).jxl,E:\1Hub\EH\[02COS]\[Dal]\#compare\[@aazsxx2][01fanbox ÁîªÈõÜ]\041_Vxt3nW3FclIadw6AajaAlmoq (1).jxl,,61725,2025-04-21,01:58:04,jxl,jxl,file,
043_glgPMNLey74i3OpB0fGG02bh (1).jxl,E:\1Hub\EH\[02COS]\[Dal]\#compare\[@aazsxx2][01fanbox ÁîªÈõÜ]\043_glgPMNLey74i3OpB0fGG02bh (1).jxl,,333704,2025-04-21,01:58:05,jxl,jxl,file,
044_vXHzJcfwiNFhT54qJ4gfLpwU (1).jxl,E:\1Hub\EH\[02COS]\[Dal]\#compare\[@aazsxx2][01fanbox ÁîªÈõÜ]\044_vXHzJcfwiNFhT54qJ4gfLpwU (1).jxl,,64270,2025-04-21,01:58:05,jxl,jxl,file,
045_3swO6ufswAvmUbejao9UyHqm (1).jxl,E:\1Hub\EH\[02COS]\[Dal]\#compare\[@aazsxx2][01fanbox ÁîªÈõÜ]\045_3swO6ufswAvmUbejao9UyHqm (1).jxl,,315352,2025-04-21,01:58:06,jxl,jxl,file,
046_4Gl8aHHnYplEIWSae6bgw4oh (1).jxl,E:\1Hub\EH\[02COS]\[Dal]\#compare\[@aazsxx2][01fanbox ÁîªÈõÜ]\046_4Gl8aHHnYplEIWSae6bgw4oh (1).jxl,,117099,2025-04-21,01:58:07,jxl,jxl,file,
054_3sK60XZrdZz4xicrAgbObgSg (1).jxl,E:\1Hub\EH\[02COS]\[Dal]\#compare\[@aazsxx2][01fanbox ÁîªÈõÜ]\054_3sK60XZrdZz4xicrAgbObgSg (1).jxl,,118109,2025-04-21,01:58:11,jxl,jxl,file,
059_qrFV2doi8dC1YOwHtaLcKbnv (1).jxl,E:\1Hub\EH\[02COS]\[Dal]\#compare\[@aazsxx2][01fanbox ÁîªÈõÜ]\059_qrFV2doi8dC1YOwHtaLcKbnv (1).jxl,,64724,2025-04-21,01:58:12,jxl,jxl,file,
063_h3ioLeuZ6MJtmWZa21QqMrMP (1).jxl,E:\1Hub\EH\[02COS]\[Dal]\#compare\[@aazsxx2][01fanbox ÁîªÈõÜ]\063_h3ioLeuZ6MJtmWZa21QqMrMP (1).jxl,,102681,2025-04-21,01:58:14,jxl,jxl,file,
064_KYglOCmDS8pF2tw1vdOHLJGS (1).jxl,E:\1Hub\EH\[02COS]\[Dal]\#compare\[@aazsxx2][01fanbox ÁîªÈõÜ]\064_KYglOCmDS8pF2tw1vdOHLJGS (1).jxl,,70664,2025-04-21,01:58:14,jxl,jxl,file,
066_7re0eB8YnAeb2BmhleokZMrV (1).jxl,E:\1Hub\EH\[02COS]\[Dal]\#compare\[@aazsxx2][01fanbox ÁîªÈõÜ]\066_7re0eB8YnAeb2BmhleokZMrV (1).jxl,,98995,2025-04-21,01:58:15,jxl,jxl,file,
071_ag8VBB72YmesHRrRGyJwXtcm (1).jxl,E:\1Hub\EH\[02COS]\[Dal]\#compare\[@aazsxx2][01fanbox ÁîªÈõÜ]\071_ag8VBB72YmesHRrRGyJwXtcm (1).jxl,,74090,2025-04-21,01:58:18,jxl,jxl,file,
075_I6ug72vDm2ulTFd4xf7JJHPq (1).jxl,E:\1Hub\EH\[02COS]\[Dal]\#compare\[@aazsxx2][01fanbox ÁîªÈõÜ]\075_I6ug72vDm2ulTFd4xf7JJHPq (1).jxl,,75543,2025-04-21,01:58:19,jxl,jxl,file,
078_z4XdZYx990JPcYl6SZ1v9GA3 (1).jxl,E:\1Hub\EH\[02COS]\[Dal]\#compare\[@aazsxx2][01fanbox ÁîªÈõÜ]\078_z4XdZYx990JPcYl6SZ1v9GA3 (1).jxl,,90917,2025-04-21,01:58:19,jxl,jxl,file,
084_R3qORUtT3IYjFp73flHcsgiY (1).jxl,E:\1Hub\EH\[02COS]\[Dal]\#compare\[@aazsxx2][01fanbox ÁîªÈõÜ]\084_R3qORUtT3IYjFp73flHcsgiY (1).jxl,,56588,2025-04-21,01:58:22,jxl,jxl,file,
088_luFZGLCXIsQp1Q9zlfE2vtms (1).jxl,E:\1Hub\EH\[02COS]\[Dal]\#compare\[@aazsxx2][01fanbox ÁîªÈõÜ]\088_luFZGLCXIsQp1Q9zlfE2vtms (1).jxl,,88735,2025-04-21,01:58:24,jxl,jxl,file,
089_VfYiMOt4bfXo9mFW1CfZuyfV (1).jxl,E:\1Hub\EH\[02COS]\[Dal]\#compare\[@aazsxx2][01fanbox ÁîªÈõÜ]\089_VfYiMOt4bfXo9mFW1CfZuyfV (1).jxl,,39087,2025-04-21,01:58:24,jxl,jxl,file,
091_xzo5ntupZmSx6ptEoWfxd7Ya (1).jxl,E:\1Hub\EH\[02COS]\[Dal]\#compare\[@aazsxx2][01fanbox ÁîªÈõÜ]\091_xzo5ntupZmSx6ptEoWfxd7Ya (1).jxl,,61337,2025-04-21,01:58:25,jxl,jxl,file,
093_2d (1).jxl,E:\1Hub\EH\[02COS]\[Dal]\#compare\[@aazsxx2][01fanbox ÁîªÈõÜ]\093_2d (1).jxl,,151859,2025-04-21,01:58:26,jxl,jxl,file,
095_4d (1).jxl,E:\1Hub\EH\[02COS]\[Dal]\#compare\[@aazsxx2][01fanbox ÁîªÈõÜ]\095_4d (1).jxl,,197374,2025-04-21,01:58:27,jxl,jxl,file,
097_2FsGESeujclVEG4lhKX9pfzE (1).jxl,E:\1Hub\EH\[02COS]\[Dal]\#compare\[@aazsxx2][01fanbox ÁîªÈõÜ]\097_2FsGESeujclVEG4lhKX9pfzE (1).jxl,,52968,2025-04-21,01:58:27,jxl,jxl,file,
098_3gS3OhIMTEXF9nnpwCvu1bYC (1).jxl,E:\1Hub\EH\[02COS]\[Dal]\#compare\[@aazsxx2][01fanbox ÁîªÈõÜ]\098_3gS3OhIMTEXF9nnpwCvu1bYC (1).jxl,,97100,2025-04-21,01:58:28,jxl,jxl,file,
099_4bBpog5NPHOxUwx5HnE9yhTv (1).jxl,E:\1Hub\EH\[02COS]\[Dal]\#compare\[@aazsxx2][01fanbox ÁîªÈõÜ]\099_4bBpog5NPHOxUwx5HnE9yhTv (1).jxl,,71569,2025-04-21,01:58:28,jxl,jxl,file,
103_keKnpV6uvLeh1nxoNDSlIXOL (1).jxl,E:\1Hub\EH\[02COS]\[Dal]\#compare\[@aazsxx2][01fanbox ÁîªÈõÜ]\103_keKnpV6uvLeh1nxoNDSlIXOL (1).jxl,,53389,2025-04-21,01:58:30,jxl,jxl,file,
105_5YRwwrNR5V7WAhvGUd2YG3le (1).jxl,E:\1Hub\EH\[02COS]\[Dal]\#compare\[@aazsxx2][01fanbox ÁîªÈõÜ]\105_5YRwwrNR5V7WAhvGUd2YG3le (1).jxl,,88344,2025-04-21,01:58:31,jxl,jxl,file,
106_9mkiJGFCQmPJZrOiRKGajP2e (1).jxl,E:\1Hub\EH\[02COS]\[Dal]\#compare\[@aazsxx2][01fanbox ÁîªÈõÜ]\106_9mkiJGFCQmPJZrOiRKGajP2e (1).jxl,,92927,2025-04-21,01:58:31,jxl,jxl,file,
110_Yyjl91gaLJwvRfEGbgW4wviQ (1).jxl,E:\1Hub\EH\[02COS]\[Dal]\#compare\[@aazsxx2][01fanbox ÁîªÈõÜ]\110_Yyjl91gaLJwvRfEGbgW4wviQ (1).jxl,,54883,2025-04-21,01:58:33,jxl,jxl,file,
115_n5Qc5Xb1Rlm5kH4UEdk7A0YW (1).jxl,E:\1Hub\EH\[02COS]\[Dal]\#compare\[@aazsxx2][01fanbox ÁîªÈõÜ]\115_n5Qc5Xb1Rlm5kH4UEdk7A0YW (1).jxl,,100637,2025-04-21,01:58:36,jxl,jxl,file,
119_trashed_1717141480_pqMQIfD8NyANVBRdJCoMxng9 (1).jxl,E:\1Hub\EH\[02COS]\[Dal]\#compare\[@aazsxx2][01fanbox ÁîªÈõÜ]\119_trashed_1717141480_pqMQIfD8NyANVBRdJCoMxng9 (1).jxl,,105697,2025-04-21,01:58:37,jxl,jxl,file,
120_4s0BXPDgQynNpKXC2RmjjvxK (1).jxl,E:\1Hub\EH\[02COS]\[Dal]\#compare\[@aazsxx2][01fanbox ÁîªÈõÜ]\120_4s0BXPDgQynNpKXC2RmjjvxK (1).jxl,,97198,2025-04-21,01:58:38,jxl,jxl,file,
130_mVNIBPvy9g0X6xutyXimUAIx (1).jxl,E:\1Hub\EH\[02COS]\[Dal]\#compare\[@aazsxx2][01fanbox ÁîªÈõÜ]\130_mVNIBPvy9g0X6xutyXimUAIx (1).jxl,,50767,2025-04-21,01:58:42,jxl,jxl,file,
131_r2PiogB4cmKmFfH6H086bEhP (1).jxl,E:\1Hub\EH\[02COS]\[Dal]\#compare\[@aazsxx2][01fanbox ÁîªÈõÜ]\131_r2PiogB4cmKmFfH6H086bEhP (1).jxl,,94262,2025-04-21,01:58:43,jxl,jxl,file,
133_zOtF8LQPSZZ6uzgWu7uNwOG6 (1).jxl,E:\1Hub\EH\[02COS]\[Dal]\#compare\[@aazsxx2][01fanbox ÁîªÈõÜ]\133_zOtF8LQPSZZ6uzgWu7uNwOG6 (1).jxl,,85422,2025-04-21,01:58:44,jxl,jxl,file,
136_LfH4kEvfzTOwKnNX8eggAelX (1).jxl,E:\1Hub\EH\[02COS]\[Dal]\#compare\[@aazsxx2][01fanbox ÁîªÈõÜ]\136_LfH4kEvfzTOwKnNX8eggAelX (1).jxl,,89153,2025-04-21,01:58:45,jxl,jxl,file,
137_Q7nGZ3Wmv52uwR8drea3L2jw (1).jxl,E:\1Hub\EH\[02COS]\[Dal]\#compare\[@aazsxx2][01fanbox ÁîªÈõÜ]\137_Q7nGZ3Wmv52uwR8drea3L2jw (1).jxl,,91447,2025-04-21,01:58:46,jxl,jxl,file,
139_the7ztIQ1nTjBX8VEZ9LdjCD (1).jxl,E:\1Hub\EH\[02COS]\[Dal]\#compare\[@aazsxx2][01fanbox ÁîªÈõÜ]\139_the7ztIQ1nTjBX8VEZ9LdjCD (1).jxl,,93914,2025-04-21,01:58:47,jxl,jxl,file,
140_xe4nsOUcthXD53WG2wsIDbOx (1).jxl,E:\1Hub\EH\[02COS]\[Dal]\#compare\[@aazsxx2][01fanbox ÁîªÈõÜ]\140_xe4nsOUcthXD53WG2wsIDbOx (1).jxl,,75146,2025-04-21,01:58:47,jxl,jxl,file,
141_7FEf52QWQvJdLB50jFfM2gkJ (1).jxl,E:\1Hub\EH\[02COS]\[Dal]\#compare\[@aazsxx2][01fanbox ÁîªÈõÜ]\141_7FEf52QWQvJdLB50jFfM2gkJ (1).jxl,,45352,2025-04-21,01:58:48,jxl,jxl,file,
144_JJC660VSo4YSIMQXrivcsRMJ (1).jxl,E:\1Hub\EH\[02COS]\[Dal]\#compare\[@aazsxx2][01fanbox ÁîªÈõÜ]\144_JJC660VSo4YSIMQXrivcsRMJ (1).jxl,,98135,2025-04-21,01:58:49,jxl,jxl,file,
145_Zs4GyuOjawWE9JUTTQlJhR6c (1).jxl,E:\1Hub\EH\[02COS]\[Dal]\#compare\[@aazsxx2][01fanbox ÁîªÈõÜ]\145_Zs4GyuOjawWE9JUTTQlJhR6c (1).jxl,,84120,2025-04-21,01:58:49,jxl,jxl,file,
149_oQmOtE0q7ZrfhvhMIOev5fh6 (1).jxl,E:\1Hub\EH\[02COS]\[Dal]\#compare\[@aazsxx2][01fanbox ÁîªÈõÜ]\149_oQmOtE0q7ZrfhvhMIOev5fh6 (1).jxl,,59013,2025-04-21,01:58:51,jxl,jxl,file,
150_QayXU8TcIPHZHdlcCuVqafyJ (1).jxl,E:\1Hub\EH\[02COS]\[Dal]\#compare\[@aazsxx2][01fanbox ÁîªÈõÜ]\150_QayXU8TcIPHZHdlcCuVqafyJ (1).jxl,,54741,2025-04-21,01:58:52,jxl,jxl,file,
151_rNIcc0a7DgvIYClyHGI1F9oS (1).jxl,E:\1Hub\EH\[02COS]\[Dal]\#compare\[@aazsxx2][01fanbox ÁîªÈõÜ]\151_rNIcc0a7DgvIYClyHGI1F9oS (1).jxl,,82562,2025-04-21,01:58:52,jxl,jxl,file,
152_Xm9iMPAmgZSjeRSMb3x1PieI (1).jxl,E:\1Hub\EH\[02COS]\[Dal]\#compare\[@aazsxx2][01fanbox ÁîªÈõÜ]\152_Xm9iMPAmgZSjeRSMb3x1PieI (1).jxl,,78863,2025-04-21,01:58:53,jxl,jxl,file,
153_Z8D8HDwrOPNelcDvMNr0H2mH (1).jxl,E:\1Hub\EH\[02COS]\[Dal]\#compare\[@aazsxx2][01fanbox ÁîªÈõÜ]\153_Z8D8HDwrOPNelcDvMNr0H2mH (1).jxl,,93579,2025-04-21,01:58:53,jxl,jxl,file,
161_6lnSxTiPBzNTc4OHpcfZsF0u (1).jxl,E:\1Hub\EH\[02COS]\[Dal]\#compare\[@aazsxx2][01fanbox ÁîªÈõÜ]\161_6lnSxTiPBzNTc4OHpcfZsF0u (1).jxl,,70398,2025-04-21,01:58:57,jxl,jxl,file,
165_1SGJvoQhBwI3K3xw3h6akndY (1).jxl,E:\1Hub\EH\[02COS]\[Dal]\#compare\[@aazsxx2][01fanbox ÁîªÈõÜ]\165_1SGJvoQhBwI3K3xw3h6akndY (1).jxl,,103704,2025-04-21,01:58:58,jxl,jxl,file,
167_7WOaGGmCkKw4Zot296ghPTaQ (1).jxl,E:\1Hub\EH\[02COS]\[Dal]\#compare\[@aazsxx2][01fanbox ÁîªÈõÜ]\167_7WOaGGmCkKw4Zot296ghPTaQ (1).jxl,,119727,2025-04-21,01:59:01,jxl,jxl,file,
169_iDgf8231opP2uoWTQq1ilkIX (1).jxl,E:\1Hub\EH\[02COS]\[Dal]\#compare\[@aazsxx2][01fanbox ÁîªÈõÜ]\169_iDgf8231opP2uoWTQq1ilkIX (1).jxl,,429244,2025-04-21,01:59:03,jxl,jxl,file,
170_PaBDcxxHLDfLMro7mv5HIE7X (1).jxl,E:\1Hub\EH\[02COS]\[Dal]\#compare\[@aazsxx2][01fanbox ÁîªÈõÜ]\170_PaBDcxxHLDfLMro7mv5HIE7X (1).jxl,,424608,2025-04-21,01:59:05,jxl,jxl,file,
172_yEgLTamjmYzFMQgfD7dq8yvT (1).jxl,E:\1Hub\EH\[02COS]\[Dal]\#compare\[@aazsxx2][01fanbox ÁîªÈõÜ]\172_yEgLTamjmYzFMQgfD7dq8yvT (1).jxl,,421560,2025-04-21,01:59:08,jxl,jxl,file,
175_iR0dPSE6EfnNByEjvVGEArfl (1).jxl,E:\1Hub\EH\[02COS]\[Dal]\#compare\[@aazsxx2][01fanbox ÁîªÈõÜ]\175_iR0dPSE6EfnNByEjvVGEArfl (1).jxl,,102100,2025-04-21,01:59:11,jxl,jxl,file,
182_a7oRLdefBEHEmCNcIj2yosSI (1).jxl,E:\1Hub\EH\[02COS]\[Dal]\#compare\[@aazsxx2][01fanbox ÁîªÈõÜ]\182_a7oRLdefBEHEmCNcIj2yosSI (1).jxl,,114319,2025-04-21,01:59:13,jxl,jxl,file,
185_k9nhXluF4ohzdE5IbTWdJwwE (1).jxl,E:\1Hub\EH\[02COS]\[Dal]\#compare\[@aazsxx2][01fanbox ÁîªÈõÜ]\185_k9nhXluF4ohzdE5IbTWdJwwE (1).jxl,,90893,2025-04-21,01:59:15,jxl,jxl,file,
189_xagmpn5XMK5E4PAXpkukYFsp (1).jxl,E:\1Hub\EH\[02COS]\[Dal]\#compare\[@aazsxx2][01fanbox ÁîªÈõÜ]\189_xagmpn5XMK5E4PAXpkukYFsp (1).jxl,,109624,2025-04-21,01:59:17,jxl,jxl,file,
192_AqJQJDZ8jldGuHthanUkLE6x (1).jxl,E:\1Hub\EH\[02COS]\[Dal]\#compare\[@aazsxx2][01fanbox ÁîªÈõÜ]\192_AqJQJDZ8jldGuHthanUkLE6x (1).jxl,,130299,2025-04-21,01:59:18,jxl,jxl,file,
198_sxSaRDbstVrwNl8OgIH6pfcl (1).jxl,E:\1Hub\EH\[02COS]\[Dal]\#compare\[@aazsxx2][01fanbox ÁîªÈõÜ]\198_sxSaRDbstVrwNl8OgIH6pfcl (1).jxl,,103787,2025-04-21,01:59:20,jxl,jxl,file,
205_TQT31HhA85VajHYjocK8oUAw (1).jxl,E:\1Hub\EH\[02COS]\[Dal]\#compare\[@aazsxx2][01fanbox ÁîªÈõÜ]\205_TQT31HhA85VajHYjocK8oUAw (1).jxl,,83914,2025-04-21,01:59:23,jxl,jxl,file,
212_q7Ax1WzfAEpJQ0hIqfpx7Ku7 (1).jxl,E:\1Hub\EH\[02COS]\[Dal]\#compare\[@aazsxx2][01fanbox ÁîªÈõÜ]\212_q7Ax1WzfAEpJQ0hIqfpx7Ku7 (1).jxl,,82962,2025-04-21,01:59:25,jxl,jxl,file,
213_sFDBnos02Ud6vhz6zpaTJ3AO (1).jxl,E:\1Hub\EH\[02COS]\[Dal]\#compare\[@aazsxx2][01fanbox ÁîªÈõÜ]\213_sFDBnos02Ud6vhz6zpaTJ3AO (1).jxl,,113807,2025-04-21,01:59:25,jxl,jxl,file,
214_Sz2Ryc4OS83AoQEenWY4rOrq (1).jxl,E:\1Hub\EH\[02COS]\[Dal]\#compare\[@aazsxx2][01fanbox ÁîªÈõÜ]\214_Sz2Ryc4OS83AoQEenWY4rOrq (1).jxl,,121980,2025-04-21,01:59:26,jxl,jxl,file,
216_xJ3pQqNYCeCvhhvyC7bflUBm (1).jxl,E:\1Hub\EH\[02COS]\[Dal]\#compare\[@aazsxx2][01fanbox ÁîªÈõÜ]\216_xJ3pQqNYCeCvhhvyC7bflUBm (1).jxl,,258530,2025-04-21,01:59:27,jxl,jxl,file,
220_DoSPO8gS5RybmFTVUxw0gHXu (1).jxl,E:\1Hub\EH\[02COS]\[Dal]\#compare\[@aazsxx2][01fanbox ÁîªÈõÜ]\220_DoSPO8gS5RybmFTVUxw0gHXu (1).jxl,,66504,2025-04-21,01:59:29,jxl,jxl,file,
221_fRBMGeNXZ4lPI1ZrovFDNfCc (1).jxl,E:\1Hub\EH\[02COS]\[Dal]\#compare\[@aazsxx2][01fanbox ÁîªÈõÜ]\221_fRBMGeNXZ4lPI1ZrovFDNfCc (1).jxl,,110435,2025-04-21,01:59:29,jxl,jxl,file,
222_iGd605Gt2gz6e6rbGbqfOWIp (1).jxl,E:\1Hub\EH\[02COS]\[Dal]\#compare\[@aazsxx2][01fanbox ÁîªÈõÜ]\222_iGd605Gt2gz6e6rbGbqfOWIp (1).jxl,,83848,2025-04-21,01:59:29,jxl,jxl,file,
225_sPkFxuDNf7j4uuKbQS8ErwUx (1).jxl,E:\1Hub\EH\[02COS]\[Dal]\#compare\[@aazsxx2][01fanbox ÁîªÈõÜ]\225_sPkFxuDNf7j4uuKbQS8ErwUx (1).jxl,,107507,2025-04-21,01:59:31,jxl,jxl,file,
228_jz3WtnwTsWEKPUZJH0rrZWIF (1).jxl,E:\1Hub\EH\[02COS]\[Dal]\#compare\[@aazsxx2][01fanbox ÁîªÈõÜ]\228_jz3WtnwTsWEKPUZJH0rrZWIF (1).jxl,,109759,2025-04-21,01:59:32,jxl,jxl,file,
231_sMRiBKWVeMsQ5MtyD1t3zKCQ (1).jxl,E:\1Hub\EH\[02COS]\[Dal]\#compare\[@aazsxx2][01fanbox ÁîªÈõÜ]\231_sMRiBKWVeMsQ5MtyD1t3zKCQ (1).jxl,,101379,2025-04-21,01:59:33,jxl,jxl,file,
234_6gDdSQYlLHsxujF6tj1dpi7B (1).jxl,E:\1Hub\EH\[02COS]\[Dal]\#compare\[@aazsxx2][01fanbox ÁîªÈõÜ]\234_6gDdSQYlLHsxujF6tj1dpi7B (1).jxl,,200504,2025-04-21,01:59:34,jxl,jxl,file,
237_c5YRkVaPgFzKfbuHVnUiTr3w (1).jxl,E:\1Hub\EH\[02COS]\[Dal]\#compare\[@aazsxx2][01fanbox ÁîªÈõÜ]\237_c5YRkVaPgFzKfbuHVnUiTr3w (1).jxl,,107372,2025-04-21,01:59:36,jxl,jxl,file,
238_FwzcgRfqVANims3HNRyy9Mh1 (1).jxl,E:\1Hub\EH\[02COS]\[Dal]\#compare\[@aazsxx2][01fanbox ÁîªÈõÜ]\238_FwzcgRfqVANims3HNRyy9Mh1 (1).jxl,,103320,2025-04-21,01:59:36,jxl,jxl,file,
241_THGOc6WsbCJlj47oF4gtv9r4 (1).jxl,E:\1Hub\EH\[02COS]\[Dal]\#compare\[@aazsxx2][01fanbox ÁîªÈõÜ]\241_THGOc6WsbCJlj47oF4gtv9r4 (1).jxl,,101866,2025-04-21,01:59:37,jxl,jxl,file,
243_0AnpHS8o0GIEcPXgQr50uXrQ (1).jxl,E:\1Hub\EH\[02COS]\[Dal]\#compare\[@aazsxx2][01fanbox ÁîªÈõÜ]\243_0AnpHS8o0GIEcPXgQr50uXrQ (1).jxl,,216503,2025-04-21,01:59:38,jxl,jxl,file,
244_3OpRtoLi8K1D5IJFfllbij2c (1).jxl,E:\1Hub\EH\[02COS]\[Dal]\#compare\[@aazsxx2][01fanbox ÁîªÈõÜ]\244_3OpRtoLi8K1D5IJFfllbij2c (1).jxl,,320553,2025-04-21,01:59:39,jxl,jxl,file,
245_tP9yHFnVezzNLfaOkHyVHTCe (1).jxl,E:\1Hub\EH\[02COS]\[Dal]\#compare\[@aazsxx2][01fanbox ÁîªÈõÜ]\245_tP9yHFnVezzNLfaOkHyVHTCe (1).jxl,,169412,2025-04-21,01:59:40,jxl,jxl,file,
246_XYP8YmuOmH3ku2ph7Qysi3CT (1).jxl,E:\1Hub\EH\[02COS]\[Dal]\#compare\[@aazsxx2][01fanbox ÁîªÈõÜ]\246_XYP8YmuOmH3ku2ph7Qysi3CT (1).jxl,,137053,2025-04-21,01:59:40,jxl,jxl,file,
247_2vINmAbwwAJjPg6jDbc74hzE (1).jxl,E:\1Hub\EH\[02COS]\[Dal]\#compare\[@aazsxx2][01fanbox ÁîªÈõÜ]\247_2vINmAbwwAJjPg6jDbc74hzE (1).jxl,,231860,2025-04-21,01:59:41,jxl,jxl,file,
248_7UUeZxoUgATVJ2AXQYxHLxR7 (1).jxl,E:\1Hub\EH\[02COS]\[Dal]\#compare\[@aazsxx2][01fanbox ÁîªÈõÜ]\248_7UUeZxoUgATVJ2AXQYxHLxR7 (1).jxl,,209581,2025-04-21,01:59:41,jxl,jxl,file,
249_Cmsw8pAy6LvNm7NZlaE8mtyv (1).jxl,E:\1Hub\EH\[02COS]\[Dal]\#compare\[@aazsxx2][01fanbox ÁîªÈõÜ]\249_Cmsw8pAy6LvNm7NZlaE8mtyv (1).jxl,,163589,2025-04-21,01:59:42,jxl,jxl,file,
250_HQhNMRswj1pZpLB54uJEhOJG (1).jxl,E:\1Hub\EH\[02COS]\[Dal]\#compare\[@aazsxx2][01fanbox ÁîªÈõÜ]\250_HQhNMRswj1pZpLB54uJEhOJG (1).jxl,,189208,2025-04-21,01:59:42,jxl,jxl,file,
251_UR2vWiXiFhZMtVnv69h20uFU (1).jxl,E:\1Hub\EH\[02COS]\[Dal]\#compare\[@aazsxx2][01fanbox ÁîªÈõÜ]\251_UR2vWiXiFhZMtVnv69h20uFU (1).jxl,,247942,2025-04-21,01:59:43,jxl,jxl,file,
258_43rKQm98ETt7ynu2KLBUuTSM (1).jxl,E:\1Hub\EH\[02COS]\[Dal]\#compare\[@aazsxx2][01fanbox ÁîªÈõÜ]\258_43rKQm98ETt7ynu2KLBUuTSM (1).jxl,,85743,2025-04-21,01:59:46,jxl,jxl,file,
259_A14mqurejtNUUpJ6TKKlHUvV (1).jxl,E:\1Hub\EH\[02COS]\[Dal]\#compare\[@aazsxx2][01fanbox ÁîªÈõÜ]\259_A14mqurejtNUUpJ6TKKlHUvV (1).jxl,,93922,2025-04-21,01:59:47,jxl,jxl,file,
267_ksrJiHJhcP76r8mXWspyPaHd (1).jxl,E:\1Hub\EH\[02COS]\[Dal]\#compare\[@aazsxx2][01fanbox ÁîªÈõÜ]\267_ksrJiHJhcP76r8mXWspyPaHd (1).jxl,,83008,2025-04-21,01:59:51,jxl,jxl,file,
268_sJ3upnanT1d0e9zecAxKSscl (1).jxl,E:\1Hub\EH\[02COS]\[Dal]\#compare\[@aazsxx2][01fanbox ÁîªÈõÜ]\268_sJ3upnanT1d0e9zecAxKSscl (1).jxl,,67081,2025-04-21,01:59:51,jxl,jxl,file,
269_ustW1ig1VCK3YxKq2ReKiniL (1).jxl,E:\1Hub\EH\[02COS]\[Dal]\#compare\[@aazsxx2][01fanbox ÁîªÈõÜ]\269_ustW1ig1VCK3YxKq2ReKiniL (1).jxl,,124804,2025-04-21,01:59:51,jxl,jxl,file,
287_Z7YrreBke6r74cW3Gtpmr6oF (1).jxl,E:\1Hub\EH\[02COS]\[Dal]\#compare\[@aazsxx2][01fanbox ÁîªÈõÜ]\287_Z7YrreBke6r74cW3Gtpmr6oF (1).jxl,,7337,2025-04-21,02:00:02,jxl,jxl,file,
4rW4GWVcUhx1Dk8J00Iwi08f.jxl,E:\1Hub\EH\[02COS]\[Dal]\#compare\Â§ßÊ≤≥üêØ\4rW4GWVcUhx1Dk8J00Iwi08f.jxl,,308895,2025-04-21,02:00:18,jxl,jxl,file,
8940f0c377f053353184cfc96aa392c1b4f2f8ff01d0bd17a8d1fe811c09187d (1).jxl,E:\1Hub\EH\[02COS]\[Dal]\#compare\Ê£ó„Ç§„É≠„Éè\8940f0c377f053353184cfc96aa392c1b4f2f8ff01d0bd17a8d1fe811c09187d (1).jxl,,68587,2025-04-21,02:00:24,jxl,jxl,file,
43rKQm98ETt7ynu2KLBUuTSM (1).jxl,Hoshizip/43rKQm98ETt7ynu2KLBUuTSM (1).jxl,E:\1Hub\EH\[02COS]\[Dal]\#compare\#DAL\Hoshizip[Dal].zip,84716,2025-04-21,23:18:10,jxl,jxl,file,E:\1Hub\EH\[02COS]\[Dal]\#compare\#DAL\Hoshizip[Dal].zip
A14mqurejtNUUpJ6TKKlHUvV (1).jxl,Hoshizip/A14mqurejtNUUpJ6TKKlHUvV (1).jxl,E:\1Hub\EH\[02COS]\[Dal]\#compare\#DAL\Hoshizip[Dal].zip,93132,2025-04-21,23:18:10,jxl,jxl,file,E:\1Hub\EH\[02COS]\[Dal]\#compare\#DAL\Hoshizip[Dal].zip
VfYiMOt4bfXo9mFW1CfZuyfV (1).jxl,Latest Set/VfYiMOt4bfXo9mFW1CfZuyfV (1).jxl,E:\1Hub\EH\[02COS]\[Dal]\#compare\#DAL\Latest Set[Dal].zip,39886,2025-04-21,23:18:22,jxl,jxl,file,E:\1Hub\EH\[02COS]\[Dal]\#compare\#DAL\Latest Set[Dal].zip
luFZGLCXIsQp1Q9zlfE2vtms (1).jxl,Latest Set/luFZGLCXIsQp1Q9zlfE2vtms (1).jxl,E:\1Hub\EH\[02COS]\[Dal]\#compare\#DAL\Latest Set[Dal].zip,88156,2025-04-21,23:18:20,jxl,jxl,file,E:\1Hub\EH\[02COS]\[Dal]\#compare\#DAL\Latest Set[Dal].zip
xzo5ntupZmSx6ptEoWfxd7Ya (1).jxl,Latest Set/xzo5ntupZmSx6ptEoWfxd7Ya (1).jxl,E:\1Hub\EH\[02COS]\[Dal]\#compare\#DAL\Latest Set[Dal].zip,61292,2025-04-21,23:18:22,jxl,jxl,file,E:\1Hub\EH\[02COS]\[Dal]\#compare\#DAL\Latest Set[Dal].zip
jz3WtnwTsWEKPUZJH0rrZWIF (1).jxl,MARI/jz3WtnwTsWEKPUZJH0rrZWIF (1).jxl,E:\1Hub\EH\[02COS]\[Dal]\#compare\#DAL\MARI[Dal].zip,110424,2025-04-21,23:18:22,jxl,jxl,file,E:\1Hub\EH\[02COS]\[Dal]\#compare\#DAL\MARI[Dal].zip
sMRiBKWVeMsQ5MtyD1t3zKCQ (1).jxl,MARI/sMRiBKWVeMsQ5MtyD1t3zKCQ (1).jxl,E:\1Hub\EH\[02COS]\[Dal]\#compare\#DAL\MARI[Dal].zip,102003,2025-04-21,23:18:24,jxl,jxl,file,E:\1Hub\EH\[02COS]\[Dal]\#compare\#DAL\MARI[Dal].zip
sxRDcyBHNCE6EXiZwpzkvtk8 (1).jxl,MARI/sxRDcyBHNCE6EXiZwpzkvtk8 (1).jxl,E:\1Hub\EH\[02COS]\[Dal]\#compare\#DAL\MARI[Dal].zip,96700,2025-04-21,23:18:24,jxl,jxl,file,E:\1Hub\EH\[02COS]\[Dal]\#compare\#DAL\MARI[Dal].zip
FwzcgRfqVANims3HNRyy9Mh1 (1).jxl,Miku/FwzcgRfqVANims3HNRyy9Mh1 (1).jxl,E:\1Hub\EH\[02COS]\[Dal]\#compare\#DAL\Miku[Dal].zip,103821,2025-04-21,23:18:26,jxl,jxl,file,E:\1Hub\EH\[02COS]\[Dal]\#compare\#DAL\Miku[Dal].zip
THGOc6WsbCJlj47oF4gtv9r4 (1).jxl,Miku/THGOc6WsbCJlj47oF4gtv9r4 (1).jxl,E:\1Hub\EH\[02COS]\[Dal]\#compare\#DAL\Miku[Dal].zip,100377,2025-04-21,23:18:26,jxl,jxl,file,E:\1Hub\EH\[02COS]\[Dal]\#compare\#DAL\Miku[Dal].zip
c5YRkVaPgFzKfbuHVnUiTr3w (1).jxl,Miku/c5YRkVaPgFzKfbuHVnUiTr3w (1).jxl,E:\1Hub\EH\[02COS]\[Dal]\#compare\#DAL\Miku[Dal].zip,107785,2025-04-21,23:18:26,jxl,jxl,file,E:\1Hub\EH\[02COS]\[Dal]\#compare\#DAL\Miku[Dal].zip
PTL7OSGuQ5QGkltZIISGLM3u (1).jxl,Shiroko/PTL7OSGuQ5QGkltZIISGLM3u (1).jxl,E:\1Hub\EH\[02COS]\[Dal]\#compare\#DAL\Shiroko[Dal].zip,78122,2025-04-21,23:18:32,jxl,jxl,file,E:\1Hub\EH\[02COS]\[Dal]\#compare\#DAL\Shiroko[Dal].zip
R3qORUtT3IYjFp73flHcsgiY (1).jxl,Shiroko/R3qORUtT3IYjFp73flHcsgiY (1).jxl,E:\1Hub\EH\[02COS]\[Dal]\#compare\#DAL\Shiroko[Dal].zip,57145,2025-04-21,23:18:34,jxl,jxl,file,E:\1Hub\EH\[02COS]\[Dal]\#compare\#DAL\Shiroko[Dal].zip
ksrJiHJhcP76r8mXWspyPaHd (1).jxl,Laplus/ksrJiHJhcP76r8mXWspyPaHd (1).jxl,,83043,2025-04-21,23:18:18,jxl,jxl,file,E:\1Hub\EH\[02COS]\[Dal]\#compare\#DAL\Laplus[Dal].zip
sJ3upnanT1d0e9zecAxKSscl (1).jxl,Laplus/sJ3upnanT1d0e9zecAxKSscl (1).jxl,,66254,2025-04-21,23:18:20,jxl,jxl,file,E:\1Hub\EH\[02COS]\[Dal]\#compare\#DAL\Laplus[Dal].zip
ustW1ig1VCK3YxKq2ReKiniL (1).jxl,Laplus/ustW1ig1VCK3YxKq2ReKiniL (1).jxl,,125702,2025-04-21,23:18:20,jxl,jxl,file,E:\1Hub\EH\[02COS]\[Dal]\#compare\#DAL\Laplus[Dal].zip
2FsGESeujclVEG4lhKX9pfzE.jxl,„ÅÇ„Åæ„Åø„ÇÉü™Ω/2FsGESeujclVEG4lhKX9pfzE.jxl,,569319,2024-11-21,23:39:14,jxl,jxl,file,E:\1Hub\EH\[02COS]\[Dal]\#compare\#DAL\„ÅÇ„Åæ„Åø„ÇÉü™Ω[Dal].zip
3gS3OhIMTEXF9nnpwCvu1bYC.jxl,„ÅÇ„Åæ„Åø„ÇÉü™Ω/3gS3OhIMTEXF9nnpwCvu1bYC.jxl,,1056943,2024-11-21,23:39:24,jxl,jxl,file,E:\1Hub\EH\[02COS]\[Dal]\#compare\#DAL\„ÅÇ„Åæ„Åø„ÇÉü™Ω[Dal].zip
4bBpog5NPHOxUwx5HnE9yhTv.jxl,„ÅÇ„Åæ„Åø„ÇÉü™Ω/4bBpog5NPHOxUwx5HnE9yhTv.jxl,,881748,2024-11-21,23:39:30,jxl,jxl,file,E:\1Hub\EH\[02COS]\[Dal]\#compare\#DAL\„ÅÇ„Åæ„Åø„ÇÉü™Ω[Dal].zip
6p3SVdeBgUZBhGLWR9ooV4H2.jxl,„ÅÇ„Åæ„Åø„ÇÉü™Ω/6p3SVdeBgUZBhGLWR9ooV4H2.jxl,,979839,2024-11-21,23:39:40,jxl,jxl,file,E:\1Hub\EH\[02COS]\[Dal]\#compare\#DAL\„ÅÇ„Åæ„Åø„ÇÉü™Ω[Dal].zip
keKnpV6uvLeh1nxoNDSlIXOL.jxl,„ÅÇ„Åæ„Åø„ÇÉü™Ω/keKnpV6uvLeh1nxoNDSlIXOL.jxl,,562858,2024-11-21,23:40:04,jxl,jxl,file,E:\1Hub\EH\[02COS]\[Dal]\#compare\#DAL\„ÅÇ„Åæ„Åø„ÇÉü™Ω[Dal].zip
KYglOCmDS8pF2tw1vdOHLJGS (1).jxl,dal/KYglOCmDS8pF2tw1vdOHLJGS (1).jxl,E:\1Hub\EH\[02COS]\[Dal]\#compare\#DAL\dal.zip,70498,2025-04-21,23:18:44,jxl,jxl,file,E:\1Hub\EH\[02COS]\[Dal]\#compare\#DAL\dal.zip
h3ioLeuZ6MJtmWZa21QqMrMP (1).jxl,dal/h3ioLeuZ6MJtmWZa21QqMrMP (1).jxl,E:\1Hub\EH\[02COS]\[Dal]\#compare\#DAL\dal.zip,104010,2025-04-21,23:18:44,jxl,jxl,file,E:\1Hub\EH\[02COS]\[Dal]\#compare\#DAL\dal.zip
.trashed-1717141480-pqMQIfD8NyANVBRdJCoMxng9 (1).jxl,„ÅÇ„ÇÅ/.trashed-1717141480-pqMQIfD8NyANVBRdJCoMxng9 (1).jxl,,104361,2025-04-21,01:56:54,jxl,trashed-1717141480-pqMQIfD8NyANVBRdJCoMxng9 (1).jxl,file,E:\1Hub\EH\[02COS]\[Dal]\#compare\#DAL\„ÅÇ„ÇÅ [Dal].zip
4s0BXPDgQynNpKXC2RmjjvxK (1).jxl,„ÅÇ„ÇÅ/4s0BXPDgQynNpKXC2RmjjvxK (1).jxl,,97611,2025-04-21,01:56:54,jxl,jxl,file,E:\1Hub\EH\[02COS]\[Dal]\#compare\#DAL\„ÅÇ„ÇÅ [Dal].zip
5YRwwrNR5V7WAhvGUd2YG3le (1).jxl,„ÅÜ„ÅÑ/5YRwwrNR5V7WAhvGUd2YG3le (1).jxl,,87331,2025-04-21,01:56:56,jxl,jxl,file,E:\1Hub\EH\[02COS]\[Dal]\#compare\#DAL\„ÅÜ„ÅÑ [Dal].zip
9mkiJGFCQmPJZrOiRKGajP2e (1).jxl,„ÅÜ„ÅÑ/9mkiJGFCQmPJZrOiRKGajP2e (1).jxl,,91737,2025-04-21,01:56:56,jxl,jxl,file,E:\1Hub\EH\[02COS]\[Dal]\#compare\#DAL\„ÅÜ„ÅÑ [Dal].zip
AorH387QX7GHok9FZCkGQNKF (1).jxl,„ÅÜ„ÅÑ/AorH387QX7GHok9FZCkGQNKF (1).jxl,,92681,2025-04-21,01:56:58,jxl,jxl,file,E:\1Hub\EH\[02COS]\[Dal]\#compare\#DAL\„ÅÜ„ÅÑ [Dal].zip
Yyjl91gaLJwvRfEGbgW4wviQ (1).jxl,„ÅÜ„ÅÑ/Yyjl91gaLJwvRfEGbgW4wviQ (1).jxl,,54170,2025-04-21,01:56:58,jxl,jxl,file,E:\1Hub\EH\[02COS]\[Dal]\#compare\#DAL\„ÅÜ„ÅÑ [Dal].zip
QayXU8TcIPHZHdlcCuVqafyJ.jxl,„Åø„Åìüå∏/QayXU8TcIPHZHdlcCuVqafyJ.jxl,,332462,2025-04-21,01:57:06,jxl,jxl,file,E:\1Hub\EH\[02COS]\[Dal]\#compare\#DAL\„Åø„Åìüå∏[Dal].zip
Z8D8HDwrOPNelcDvMNr0H2mH.jxl,„Åø„Åìüå∏/Z8D8HDwrOPNelcDvMNr0H2mH.jxl,,556447,2025-04-21,01:57:12,jxl,jxl,file,E:\1Hub\EH\[02COS]\[Dal]\#compare\#DAL\„Åø„Åìüå∏[Dal].zip
oQmOtE0q7ZrfhvhMIOev5fh6.jxl,„Åø„Åìüå∏/oQmOtE0q7ZrfhvhMIOev5fh6.jxl,,327418,2025-04-21,01:57:06,jxl,jxl,file,E:\1Hub\EH\[02COS]\[Dal]\#compare\#DAL\„Åø„Åìüå∏[Dal].zip
rNIcc0a7DgvIYClyHGI1F9oS.jxl,„Åø„Åìüå∏/rNIcc0a7DgvIYClyHGI1F9oS.jxl,,508269,2025-04-21,01:57:08,jxl,jxl,file,E:\1Hub\EH\[02COS]\[Dal]\#compare\#DAL\„Åø„Åìüå∏[Dal].zip
LHIpSWSgMPL3vhsF4Q9DsSAZ (1).jxl,„Ç§„Éñ„Ç≠/LHIpSWSgMPL3vhsF4Q9DsSAZ (1).jxl,,117637,2025-04-21,01:57:22,jxl,jxl,file,E:\1Hub\EH\[02COS]\[Dal]\#compare\#DAL\„Ç§„Éñ„Ç≠ [Dal].zip
a7oRLdefBEHEmCNcIj2yosSI (1).jxl,„Ç§„Éñ„Ç≠/a7oRLdefBEHEmCNcIj2yosSI (1).jxl,,115398,2025-04-21,01:57:18,jxl,jxl,file,E:\1Hub\EH\[02COS]\[Dal]\#compare\#DAL\„Ç§„Éñ„Ç≠ [Dal].zip
xagmpn5XMK5E4PAXpkukYFsp (1).jxl,„Ç§„Éñ„Ç≠/xagmpn5XMK5E4PAXpkukYFsp (1).jxl,,109194,2025-04-21,01:57:22,jxl,jxl,file,E:\1Hub\EH\[02COS]\[Dal]\#compare\#DAL\„Ç§„Éñ„Ç≠ [Dal].zip
HtCaYICa5ZnsyYHXxASP8NAB (1).jxl,Furina/HtCaYICa5ZnsyYHXxASP8NAB (1).jxl,,100306,2025-04-21,23:18:04,jxl,jxl,file,E:\1Hub\EH\[02COS]\[Dal]\#compare\#DAL\Furina[Dal].zip
Sz2Ryc4OS83AoQEenWY4rOrq (1).jxl,Furina/Sz2Ryc4OS83AoQEenWY4rOrq (1).jxl,,123101,2025-04-21,23:18:08,jxl,jxl,file,E:\1Hub\EH\[02COS]\[Dal]\#compare\#DAL\Furina[Dal].zip
q7Ax1WzfAEpJQ0hIqfpx7Ku7 (1).jxl,Furina/q7Ax1WzfAEpJQ0hIqfpx7Ku7 (1).jxl,,83844,2025-04-21,23:18:06,jxl,jxl,file,E:\1Hub\EH\[02COS]\[Dal]\#compare\#DAL\Furina[Dal].zip
sFDBnos02Ud6vhz6zpaTJ3AO (1).jxl,Furina/sFDBnos02Ud6vhz6zpaTJ3AO (1).jxl,,113496,2025-04-21,23:18:08,jxl,jxl,file,E:\1Hub\EH\[02COS]\[Dal]\#compare\#DAL\Furina[Dal].zip
xJ3pQqNYCeCvhhvyC7bflUBm (1).jxl,Furina/xJ3pQqNYCeCvhhvyC7bflUBm (1).jxl,,248602,2025-04-21,23:18:08,jxl,jxl,file,E:\1Hub\EH\[02COS]\[Dal]\#compare\#DAL\Furina[Dal].zip
DoSPO8gS5RybmFTVUxw0gHXu.jxl,„Ç´„Ç∫„Çµüé∏/DoSPO8gS5RybmFTVUxw0gHXu.jxl,,710465,2024-11-21,23:41:58,jxl,jxl,file,E:\1Hub\EH\[02COS]\[Dal]\#compare\#DAL\„Ç´„Ç∫„Çµüé∏[Dal].zip
iGd605Gt2gz6e6rbGbqfOWIp.jxl,„Ç´„Ç∫„Çµüé∏/iGd605Gt2gz6e6rbGbqfOWIp.jxl,,837505,2024-11-21,23:42:14,jxl,jxl,file,E:\1Hub\EH\[02COS]\[Dal]\#compare\#DAL\„Ç´„Ç∫„Çµüé∏[Dal].zip
sPkFxuDNf7j4uuKbQS8ErwUx.jxl,„Ç´„Ç∫„Çµüé∏/sPkFxuDNf7j4uuKbQS8ErwUx.jxl,,1169625,2024-11-21,23:42:38,jxl,jxl,file,E:\1Hub\EH\[02COS]\[Dal]\#compare\#DAL\„Ç´„Ç∫„Çµüé∏[Dal].zip
2d (1).jxl,eromanga/2d (1).jxl,E:\1Hub\EH\[02COS]\[Dal]\#compare\#DAL\eromanga[Dal].zip,149508,2025-04-21,23:18:48,jxl,jxl,file,E:\1Hub\EH\[02COS]\[Dal]\#compare\#DAL\eromanga[Dal].zip
4d (1).jxl,eromanga/4d (1).jxl,E:\1Hub\EH\[02COS]\[Dal]\#compare\#DAL\eromanga[Dal].zip,187640,2025-04-21,23:18:48,jxl,jxl,file,E:\1Hub\EH\[02COS]\[Dal]\#compare\#DAL\eromanga[Dal].zip
mVNIBPvy9g0X6xutyXimUAIx (1).jxl,„Ç´„É®„Ç≥Ôºà„Éâ„É¨„ÇπÔºâ/mVNIBPvy9g0X6xutyXimUAIx (1).jxl,,50842,2025-04-21,01:57:26,jxl,jxl,file,E:\1Hub\EH\[02COS]\[Dal]\#compare\#DAL\„Ç´„É®„Ç≥ [„Éâ„É¨„Çπ][Dal].zip
r2PiogB4cmKmFfH6H086bEhP (1).jxl,„Ç´„É®„Ç≥Ôºà„Éâ„É¨„ÇπÔºâ/r2PiogB4cmKmFfH6H086bEhP (1).jxl,,92983,2025-04-21,01:57:26,jxl,jxl,file,E:\1Hub\EH\[02COS]\[Dal]\#compare\#DAL\„Ç´„É®„Ç≥ [„Éâ„É¨„Çπ][Dal].zip
zOtF8LQPSZZ6uzgWu7uNwOG6 (1).jxl,„Ç´„É®„Ç≥Ôºà„Éâ„É¨„ÇπÔºâ/zOtF8LQPSZZ6uzgWu7uNwOG6 (1).jxl,,83957,2025-04-21,01:57:26,jxl,jxl,file,E:\1Hub\EH\[02COS]\[Dal]\#compare\#DAL\„Ç´„É®„Ç≥ [„Éâ„É¨„Çπ][Dal].zip
311MwNChzzppXekRzBNVCWAF (1).jxl,„É©„Éì„ÉÉ„Éà„Éõ„Éº„É´/311MwNChzzppXekRzBNVCWAF (1).jxl,,75452,2025-04-21,01:57:30,jxl,jxl,file,E:\1Hub\EH\[02COS]\[Dal]\#compare\#DAL\„É©„Éì„ÉÉ„Éà„Éõ„Éº„É´ [Dal].zip
LfH4kEvfzTOwKnNX8eggAelX (1).jxl,„É©„Éì„ÉÉ„Éà„Éõ„Éº„É´/LfH4kEvfzTOwKnNX8eggAelX (1).jxl,,87441,2025-04-21,01:57:30,jxl,jxl,file,E:\1Hub\EH\[02COS]\[Dal]\#compare\#DAL\„É©„Éì„ÉÉ„Éà„Éõ„Éº„É´ [Dal].zip
Q7nGZ3Wmv52uwR8drea3L2jw (1).jxl,„É©„Éì„ÉÉ„Éà„Éõ„Éº„É´/Q7nGZ3Wmv52uwR8drea3L2jw (1).jxl,,89728,2025-04-21,01:57:30,jxl,jxl,file,E:\1Hub\EH\[02COS]\[Dal]\#compare\#DAL\„É©„Éì„ÉÉ„Éà„Éõ„Éº„É´ [Dal].zip
the7ztIQ1nTjBX8VEZ9LdjCD (1).jxl,„É©„Éì„ÉÉ„Éà„Éõ„Éº„É´/the7ztIQ1nTjBX8VEZ9LdjCD (1).jxl,,93306,2025-04-21,01:57:32,jxl,jxl,file,E:\1Hub\EH\[02COS]\[Dal]\#compare\#DAL\„É©„Éì„ÉÉ„Éà„Éõ„Éº„É´ [Dal].zip
xe4nsOUcthXD53WG2wsIDbOx (1).jxl,„É©„Éì„ÉÉ„Éà„Éõ„Éº„É´/xe4nsOUcthXD53WG2wsIDbOx (1).jxl,,74032,2025-04-21,01:57:32,jxl,jxl,file,E:\1Hub\EH\[02COS]\[Dal]\#compare\#DAL\„É©„Éì„ÉÉ„Éà„Éõ„Éº„É´ [Dal].zip
AqJQJDZ8jldGuHthanUkLE6x (1).jxl,„É°„Ç§„Éâ„É¢„É¢„Ç§&„Éü„Éâ„É™/AqJQJDZ8jldGuHthanUkLE6x (1).jxl,,130790,2025-04-21,01:57:26,jxl,jxl,file,E:\1Hub\EH\[02COS]\[Dal]\#compare\#DAL\„É°„Ç§„Éâ„É¢„É¢„Ç§ & „Éü„Éâ„É™ [Dal].zip
sxSaRDbstVrwNl8OgIH6pfcl (1).jxl,„É°„Ç§„Éâ„É¢„É¢„Ç§&„Éü„Éâ„É™/sxSaRDbstVrwNl8OgIH6pfcl (1).jxl,,103837,2025-04-21,01:57:28,jxl,jxl,file,E:\1Hub\EH\[02COS]\[Dal]\#compare\#DAL\„É°„Ç§„Éâ„É¢„É¢„Ç§ & „Éü„Éâ„É™ [Dal].zip
n5Qc5Xb1Rlm5kH4UEdk7A0YW.jxl,Ëä±ÁÅ´üéÜ/n5Qc5Xb1Rlm5kH4UEdk7A0YW.jxl,,1061013,2024-11-22,00:15:38,jxl,jxl,file,E:\1Hub\EH\[02COS]\[Dal]\#compare\#DAL\Ëä±ÁÅ´üéÜ[Dal].zip
2vINmAbwwAJjPg6jDbc74hzE.jxl,üéÄ/2vINmAbwwAJjPg6jDbc74hzE.jxl,,226404,2025-04-21,23:18:50,jxl,jxl,file,E:\1Hub\EH\[02COS]\[Dal]\#compare\#DAL\üéÄ[Dal].zip
7UUeZxoUgATVJ2AXQYxHLxR7.jxl,üéÄ/7UUeZxoUgATVJ2AXQYxHLxR7.jxl,,196497,2025-04-21,23:18:50,jxl,jxl,file,E:\1Hub\EH\[02COS]\[Dal]\#compare\#DAL\üéÄ[Dal].zip
Cmsw8pAy6LvNm7NZlaE8mtyv.jxl,üéÄ/Cmsw8pAy6LvNm7NZlaE8mtyv.jxl,,163017,2025-04-21,23:18:50,jxl,jxl,file,E:\1Hub\EH\[02COS]\[Dal]\#compare\#DAL\üéÄ[Dal].zip
HQhNMRswj1pZpLB54uJEhOJG.jxl,üéÄ/HQhNMRswj1pZpLB54uJEhOJG.jxl,,185691,2025-04-21,23:18:52,jxl,jxl,file,E:\1Hub\EH\[02COS]\[Dal]\#compare\#DAL\üéÄ[Dal].zip
UR2vWiXiFhZMtVnv69h20uFU.jxl,üéÄ/UR2vWiXiFhZMtVnv69h20uFU.jxl,,238206,2025-04-21,23:18:52,jxl,jxl,file,E:\1Hub\EH\[02COS]\[Dal]\#compare\#DAL\üéÄ[Dal].zip
0AnpHS8o0GIEcPXgQr50uXrQ.jxl,üíõüîç/0AnpHS8o0GIEcPXgQr50uXrQ.jxl,,206052,2025-04-21,23:18:54,jxl,jxl,file,E:\1Hub\EH\[02COS]\[Dal]\#compare\#DAL\üíõüîç[Dal].zip
3OpRtoLi8K1D5IJFfllbij2c.jxl,üíõüîç/3OpRtoLi8K1D5IJFfllbij2c.jxl,,327338,2025-04-21,23:18:54,jxl,jxl,file,E:\1Hub\EH\[02COS]\[Dal]\#compare\#DAL\üíõüîç[Dal].zip
XYP8YmuOmH3ku2ph7Qysi3CT.jxl,üíõüîç/XYP8YmuOmH3ku2ph7Qysi3CT.jxl,,130358,2025-04-21,23:18:56,jxl,jxl,file,E:\1Hub\EH\[02COS]\[Dal]\#compare\#DAL\üíõüîç[Dal].zip
tP9yHFnVezzNLfaOkHyVHTCe.jxl,üíõüîç/tP9yHFnVezzNLfaOkHyVHTCe.jxl,,164320,2025-04-21,23:18:56,jxl,jxl,file,E:\1Hub\EH\[02COS]\[Dal]\#compare\#DAL\üíõüîç[Dal].zip
pLLs7bJTtW1ZFeswOq24CezP (1).jxl,Kisaki_/pLLs7bJTtW1ZFeswOq24CezP (1).jxl,,201725,2025-04-21,23:19:04,jxl,jxl,file,E:\1Hub\EH\[02COS]\[Dal]\#compare\DA Kisak\Kisaki_[Dal].zip
zkpT2aJY82RGQ8aVb3lMnEAp (1).jxl,Kisaki_/zkpT2aJY82RGQ8aVb3lMnEAp (1).jxl,,174210,2025-04-21,23:19:08,jxl,jxl,file,E:\1Hub\EH\[02COS]\[Dal]\#compare\DA Kisak\Kisaki_[Dal].zip
7FEf52QWQvJdLB50jFfM2gkJ (1).jxl,SET 06-05/7FEf52QWQvJdLB50jFfM2gkJ (1).jxl,,44830,2025-04-21,23:19:10,jxl,jxl,file,E:\1Hub\EH\[02COS]\[Dal]\#compare\DA SET\SET 06-05[Dal].zip
JJC660VSo4YSIMQXrivcsRMJ (1).jxl,SET 06-05/JJC660VSo4YSIMQXrivcsRMJ (1).jxl,,102691,2025-04-21,23:19:12,jxl,jxl,file,E:\1Hub\EH\[02COS]\[Dal]\#compare\DA SET\SET 06-05[Dal].zip
Zs4GyuOjawWE9JUTTQlJhR6c (1).jxl,SET 06-05/Zs4GyuOjawWE9JUTTQlJhR6c (1).jxl,,81740,2025-04-21,23:19:12,jxl,jxl,file,E:\1Hub\EH\[02COS]\[Dal]\#compare\DA SET\SET 06-05[Dal].zip
I6ug72vDm2ulTFd4xf7JJHPq (1).jxl,set 2/I6ug72vDm2ulTFd4xf7JJHPq (1).jxl,,73586,2025-04-21,23:19:16,jxl,jxl,file,E:\1Hub\EH\[02COS]\[Dal]\#compare\DA SET\set 2[Dal].zip
ag8VBB72YmesHRrRGyJwXtcm (1).jxl,set 2/ag8VBB72YmesHRrRGyJwXtcm (1).jxl,,72282,2025-04-21,23:19:14,jxl,jxl,file,E:\1Hub\EH\[02COS]\[Dal]\#compare\DA SET\set 2[Dal].zip
z4XdZYx990JPcYl6SZ1v9GA3 (1).jxl,set 2/z4XdZYx990JPcYl6SZ1v9GA3 (1).jxl,,88493,2025-04-21,23:19:18,jxl,jxl,file,E:\1Hub\EH\[02COS]\[Dal]\#compare\DA SET\set 2[Dal].zip
7re0eB8YnAeb2BmhleokZMrV (1).jxl,set/7re0eB8YnAeb2BmhleokZMrV (1).jxl,,97676,2025-04-21,23:19:18,jxl,jxl,file,E:\1Hub\EH\[02COS]\[Dal]\#compare\DA SET\set[Dal].zip
xv2QH2uwX7EQyitBnChsa4BR (1).jxl,set/xv2QH2uwX7EQyitBnChsa4BR (1).jxl,,86526,2025-04-21,23:19:18,jxl,jxl,file,E:\1Hub\EH\[02COS]\[Dal]\#compare\DA SET\set[Dal].zip
1SGJvoQhBwI3K3xw3h6akndY.jxl,Mococoüêæ (Pixiv Fanbox)/1SGJvoQhBwI3K3xw3h6akndY.jxl,,104639,2025-04-21,23:19:20,jxl,jxl,file,E:\1Hub\EH\[02COS]\[Dal]\#compare\Mococoüêæ [Pixiv Fanbox][Dal].zip
7WOaGGmCkKw4Zot296ghPTaQ.jxl,Mococoüêæ (Pixiv Fanbox)/7WOaGGmCkKw4Zot296ghPTaQ.jxl,,115525,2025-04-21,23:19:22,jxl,jxl,file,E:\1Hub\EH\[02COS]\[Dal]\#compare\Mococoüêæ [Pixiv Fanbox][Dal].zip
PaBDcxxHLDfLMro7mv5HIE7X.jxl,Mococoüêæ (Pixiv Fanbox)/PaBDcxxHLDfLMro7mv5HIE7X.jxl,,424644,2025-04-21,23:19:26,jxl,jxl,file,E:\1Hub\EH\[02COS]\[Dal]\#compare\Mococoüêæ [Pixiv Fanbox][Dal].zip
yEgLTamjmYzFMQgfD7dq8yvT.jxl,Mococoüêæ (Pixiv Fanbox)/yEgLTamjmYzFMQgfD7dq8yvT.jxl,,409904,2025-04-21,23:19:30,jxl,jxl,file,E:\1Hub\EH\[02COS]\[Dal]\#compare\Mococoüêæ [Pixiv Fanbox][Dal].zip
4b1c1712061983 (1).jxl,s/4b1c1712061983 (1).jxl,,11971,2025-04-21,23:19:34,jxl,jxl,file,E:\1Hub\EH\[02COS]\[Dal]\#compare\s[Dal].zip
images (1).jxl,s/images (1).jxl,,7607,2025-04-21,23:19:34,jxl,jxl,file,E:\1Hub\EH\[02COS]\[Dal]\#compare\s[Dal].zip
images2 (1).jxl,s/images2 (1).jxl,,8212,2025-04-21,23:19:34,jxl,jxl,file,E:\1Hub\EH\[02COS]\[Dal]\#compare\s[Dal].zip
images3 (1).jxl,s/images3 (1).jxl,,7782,2025-04-21,23:19:34,jxl,jxl,file,E:\1Hub\EH\[02COS]\[Dal]\#compare\s[Dal].zip
glgPMNLey74i3OpB0fGG02bh.jxl,Ã≥^ . Ã´ . ^ Ã≥ (Pixiv Fanbox)/glgPMNLey74i3OpB0fGG02bh.jxl,,333365,2025-04-21,23:21:46,jxl,jxl,file,E:\1Hub\EH\[02COS]\[Dal]\#compare\Ã≥^ . Ã´ . ^ Ã≥ [Pixiv Fanbox][Dal].zip
vXHzJcfwiNFhT54qJ4gfLpwU.jxl,Ã≥^ . Ã´ . ^ Ã≥ (Pixiv Fanbox)/vXHzJcfwiNFhT54qJ4gfLpwU.jxl,,63686,2025-04-21,23:21:48,jxl,jxl,file,E:\1Hub\EH\[02COS]\[Dal]\#compare\Ã≥^ . Ã´ . ^ Ã≥ [Pixiv Fanbox][Dal].zip
20240502_150455 (1).jxl,twitter photos/20240502_150455 (1).jxl,,133730,2025-04-21,23:19:56,jxl,jxl,file,E:\1Hub\EH\[02COS]\[Dal]\#compare\twitter photos[Dal].zip
20240502_150522 (1).jxl,twitter photos/20240502_150522 (1).jxl,,102620,2025-04-21,23:20:04,jxl,jxl,file,E:\1Hub\EH\[02COS]\[Dal]\#compare\twitter photos[Dal].zip
20240502_150614 (1).jxl,twitter photos/20240502_150614 (1).jxl,,117117,2025-04-21,23:20:20,jxl,jxl,file,E:\1Hub\EH\[02COS]\[Dal]\#compare\twitter photos[Dal].zip
20240502_150620 (1).jxl,twitter photos/20240502_150620 (1).jxl,,127302,2025-04-21,23:20:22,jxl,jxl,file,E:\1Hub\EH\[02COS]\[Dal]\#compare\twitter photos[Dal].zip
20240502_150623 (1).jxl,twitter photos/20240502_150623 (1).jxl,,140300,2025-04-21,23:20:22,jxl,jxl,file,E:\1Hub\EH\[02COS]\[Dal]\#compare\twitter photos[Dal].zip
20240502_150625 (1).jxl,twitter photos/20240502_150625 (1).jxl,,127641,2025-04-21,23:20:24,jxl,jxl,file,E:\1Hub\EH\[02COS]\[Dal]\#compare\twitter photos[Dal].zip
20240502_150641 (1).jxl,twitter photos/20240502_150641 (1).jxl,,99843,2025-04-21,23:20:30,jxl,jxl,file,E:\1Hub\EH\[02COS]\[Dal]\#compare\twitter photos[Dal].zip
20240502_150644 (1).jxl,twitter photos/20240502_150644 (1).jxl,,104891,2025-04-21,23:20:30,jxl,jxl,file,E:\1Hub\EH\[02COS]\[Dal]\#compare\twitter photos[Dal].zip
20240507_132619 (1).jxl,twitter photos/20240507_132619 (1).jxl,,105367,2025-04-21,23:20:34,jxl,jxl,file,E:\1Hub\EH\[02COS]\[Dal]\#compare\twitter photos[Dal].zip
20240508_113041 (1).jxl,twitter photos/20240508_113041 (1).jxl,,111262,2025-04-21,23:20:34,jxl,jxl,file,E:\1Hub\EH\[02COS]\[Dal]\#compare\twitter photos[Dal].zip
20240525_141025 (1).jxl,twitter photos/20240525_141025 (1).jxl,,146189,2025-04-21,23:20:40,jxl,jxl,file,E:\1Hub\EH\[02COS]\[Dal]\#compare\twitter photos[Dal].zip
20240606_144523 (1).jxl,twitter photos/20240606_144523 (1).jxl,,164308,2025-04-21,23:20:46,jxl,jxl,file,E:\1Hub\EH\[02COS]\[Dal]\#compare\twitter photos[Dal].zip
20240611_165706 (1).jxl,twitter photos/20240611_165706 (1).jxl,,142905,2025-04-21,23:20:48,jxl,jxl,file,E:\1Hub\EH\[02COS]\[Dal]\#compare\twitter photos[Dal].zip
20240624_164615 (1).jxl,twitter photos/20240624_164615 (1).jxl,,139383,2025-04-21,23:20:52,jxl,jxl,file,E:\1Hub\EH\[02COS]\[Dal]\#compare\twitter photos[Dal].zip
20240625_180703 (1).jxl,twitter photos/20240625_180703 (1).jxl,,153090,2025-04-21,23:20:52,jxl,jxl,file,E:\1Hub\EH\[02COS]\[Dal]\#compare\twitter photos[Dal].zip
20240702_190618 (1).jxl,twitter photos/20240702_190618 (1).jxl,,147862,2025-04-21,23:20:54,jxl,jxl,file,E:\1Hub\EH\[02COS]\[Dal]\#compare\twitter photos[Dal].zip
20240703_174955 (1).jxl,twitter photos/20240703_174955 (1).jxl,,192092,2025-04-21,23:20:56,jxl,jxl,file,E:\1Hub\EH\[02COS]\[Dal]\#compare\twitter photos[Dal].zip
20240707_131457 (1).jxl,twitter photos/20240707_131457 (1).jxl,,150114,2025-04-21,23:20:58,jxl,jxl,file,E:\1Hub\EH\[02COS]\[Dal]\#compare\twitter photos[Dal].zip
20240709_150547 (1).jxl,twitter photos/20240709_150547 (1).jxl,,134996,2025-04-21,23:20:58,jxl,jxl,file,E:\1Hub\EH\[02COS]\[Dal]\#compare\twitter photos[Dal].zip
20240722_140617 (1).jxl,twitter photos/20240722_140617 (1).jxl,,157972,2025-04-21,23:21:04,jxl,jxl,file,E:\1Hub\EH\[02COS]\[Dal]\#compare\twitter photos[Dal].zip
20240723_203324 (1).jxl,twitter photos/20240723_203324 (1).jxl,,138284,2025-04-21,23:21:06,jxl,jxl,file,E:\1Hub\EH\[02COS]\[Dal]\#compare\twitter photos[Dal].zip
20240725_105831 (1).jxl,twitter photos/20240725_105831 (1).jxl,,138967,2025-04-21,23:21:06,jxl,jxl,file,E:\1Hub\EH\[02COS]\[Dal]\#compare\twitter photos[Dal].zip
20240811_141902 (1).jxl,twitter photos/20240811_141902 (1).jxl,,139671,2025-04-21,23:21:14,jxl,jxl,file,E:\1Hub\EH\[02COS]\[Dal]\#compare\twitter photos[Dal].zip
20240817_111629 (1).jxl,twitter photos/20240817_111629 (1).jxl,,130062,2025-04-21,23:21:18,jxl,jxl,file,E:\1Hub\EH\[02COS]\[Dal]\#compare\twitter photos[Dal].zip
20240823_163417 (1).jxl,twitter photos/20240823_163417 (1).jxl,,150392,2025-04-21,23:21:20,jxl,jxl,file,E:\1Hub\EH\[02COS]\[Dal]\#compare\twitter photos[Dal].zip
20240902_153934 (1).jxl,twitter photos/20240902_153934 (1).jxl,,139179,2025-04-21,23:21:24,jxl,jxl,file,E:\1Hub\EH\[02COS]\[Dal]\#compare\twitter photos[Dal].zip
20240920_161049 (1).jxl,twitter photos/20240920_161049 (1).jxl,,152894,2025-04-21,23:21:30,jxl,jxl,file,E:\1Hub\EH\[02COS]\[Dal]\#compare\twitter photos[Dal].zip
20240925_144252 (1).jxl,twitter photos/20240925_144252 (1).jxl,,114341,2025-04-21,23:21:32,jxl,jxl,file,E:\1Hub\EH\[02COS]\[Dal]\#compare\twitter photos[Dal].zip
20240925_181451 (1).jxl,twitter photos/20240925_181451 (1).jxl,,123581,2025-04-21,23:21:32,jxl,jxl,file,E:\1Hub\EH\[02COS]\[Dal]\#compare\twitter photos[Dal].zip
20241001_155209 (1).jxl,twitter photos/20241001_155209 (1).jxl,,173165,2025-04-21,23:21:38,jxl,jxl,file,E:\1Hub\EH\[02COS]\[Dal]\#compare\twitter photos[Dal].zip
20241005_171004 (1).jxl,twitter photos/20241005_171004 (1).jxl,,142422,2025-04-21,23:21:40,jxl,jxl,file,E:\1Hub\EH\[02COS]\[Dal]\#compare\twitter photos[Dal].zip
20241019_101143_1 (1).jxl,twitter photos/20241019_101143_1 (1).jxl,,133654,2025-04-21,23:21:46,jxl,jxl,file,E:\1Hub\EH\[02COS]\[Dal]\#compare\twitter photos[Dal].zip
3sK60XZrdZz4xicrAgbObgSg (1).jxl,„ÅÜ„ÅÑÔºàN„Åï„ÅÑÔºâ (Pixiv Fanbox)/3sK60XZrdZz4xicrAgbObgSg (1).jxl,,116012,2025-04-21,02:00:04,jxl,jxl,file,E:\1Hub\EH\[02COS]\[Dal]\#compare\„ÅÜ„ÅÑ [N „Åï„ÅÑ] [Pixiv Fanbox][Dal].zip
qrFV2doi8dC1YOwHtaLcKbnv (1).jxl,„ÅÜ„ÅÑÔºàN„Åï„ÅÑÔºâ (Pixiv Fanbox)/qrFV2doi8dC1YOwHtaLcKbnv (1).jxl,,63629,2025-04-21,02:00:06,jxl,jxl,file,E:\1Hub\EH\[02COS]\[Dal]\#compare\„ÅÜ„ÅÑ [N „Åï„ÅÑ] [Pixiv Fanbox][Dal].zip
cJMaf8mqi6LODy3aE3vDJAUX.jxl,„Çâ„Åß„Çì„Å°„ÇÉ„Çìüêö/cJMaf8mqi6LODy3aE3vDJAUX.jxl,,150349,2025-04-21,02:00:12,jxl,jxl,file,E:\1Hub\EH\[02COS]\[Dal]\#compare\„Çâ„Åß„Çì„Å°„ÇÉ„Çìüêö[Dal].zip
xmbwXOnnIi1n5xTAO9WXWjfI.jxl,„Çâ„Åß„Çì„Å°„ÇÉ„Çìüêö/xmbwXOnnIi1n5xTAO9WXWjfI.jxl,,140924,2025-04-21,02:00:12,jxl,jxl,file,E:\1Hub\EH\[02COS]\[Dal]\#compare\„Çâ„Åß„Çì„Å°„ÇÉ„Çìüêö[Dal].zip
3swO6ufswAvmUbejao9UyHqm (1).jxl,„É¶„Ç¶„Ç´ (Pixiv Fanbox)/3swO6ufswAvmUbejao9UyHqm (1).jxl,,306878,2025-04-21,02:00:16,jxl,jxl,file,E:\1Hub\EH\[02COS]\[Dal]\#compare\„É¶„Ç¶„Ç´ [Pixiv Fanbox][Dal].zip
4Gl8aHHnYplEIWSae6bgw4oh (1).jxl,„É¶„Ç¶„Ç´ (Pixiv Fanbox)/4Gl8aHHnYplEIWSae6bgw4oh (1).jxl,,113248,2025-04-21,02:00:16,jxl,jxl,file,E:\1Hub\EH\[02COS]\[Dal]\#compare\„É¶„Ç¶„Ç´ [Pixiv Fanbox][Dal].zip
29GJQ879CkFBhZ5q6ljQQxdS.jxl,üê∞ü§ç (Pixiv Fanbox)/29GJQ879CkFBhZ5q6ljQQxdS.jxl,,162310,2025-04-21,23:22:00,jxl,jxl,file,E:\1Hub\EH\[02COS]\[Dal]\#compare\üê∞ü§ç [Pixiv Fanbox][Dal].zip
5QUMRqjL40b9uf5z53eAcNkp.jxl,üê∞ü§ç (Pixiv Fanbox)/5QUMRqjL40b9uf5z53eAcNkp.jxl,,204316,2025-04-21,23:22:00,jxl,jxl,file,E:\1Hub\EH\[02COS]\[Dal]\#compare\üê∞ü§ç [Pixiv Fanbox][Dal].zip
65SMgVdCBEBNj6ajNg1TSvSS.jxl,üê∞ü§ç (Pixiv Fanbox)/65SMgVdCBEBNj6ajNg1TSvSS.jxl,,126702,2025-04-21,23:22:02,jxl,jxl,file,E:\1Hub\EH\[02COS]\[Dal]\#compare\üê∞ü§ç [Pixiv Fanbox][Dal].zip
DOnQ562kQkFUSiMTOp4TvnFB.jxl,üê∞ü§ç (Pixiv Fanbox)/DOnQ562kQkFUSiMTOp4TvnFB.jxl,,291390,2025-04-21,23:22:02,jxl,jxl,file,E:\1Hub\EH\[02COS]\[Dal]\#compare\üê∞ü§ç [Pixiv Fanbox][Dal].zip
BZDnYCQ8nfEm2zBUChleNik5.jxl,üêü (Pixiv Fanbox)/BZDnYCQ8nfEm2zBUChleNik5.jxl,,252001,2025-04-21,23:21:50,jxl,jxl,file,E:\1Hub\EH\[02COS]\[Dal]\#compare\üêü [Pixiv Fanbox][Dal].zip
Q9iQkw25mIEHGp7AfUae46pY.jxl,üêü (Pixiv Fanbox)/Q9iQkw25mIEHGp7AfUae46pY.jxl,,216472,2025-04-21,23:21:52,jxl,jxl,file,E:\1Hub\EH\[02COS]\[Dal]\#compare\üêü [Pixiv Fanbox][Dal].zip
V94Rx3c3jcwaBACJ89QsSrDW.jxl,üêü (Pixiv Fanbox)/V94Rx3c3jcwaBACJ89QsSrDW.jxl,,193208,2025-04-21,23:21:54,jxl,jxl,file,E:\1Hub\EH\[02COS]\[Dal]\#compare\üêü [Pixiv Fanbox][Dal].zip
VgPmeScZ04EkThET5Dnygs0L.jxl,üêü (Pixiv Fanbox)/VgPmeScZ04EkThET5Dnygs0L.jxl,,216248,2025-04-21,23:21:54,jxl,jxl,file,E:\1Hub\EH\[02COS]\[Dal]\#compare\üêü [Pixiv Fanbox][Dal].zip
e78J82prW6Po1vO15qqGzwLK.jxl,üêü (Pixiv Fanbox)/e78J82prW6Po1vO15qqGzwLK.jxl,,230359,2025-04-21,23:21:50,jxl,jxl,file,E:\1Hub\EH\[02COS]\[Dal]\#compare\üêü [Pixiv Fanbox][Dal].zip
rpLTvuW2Gv8DYfOR4DezerUa.jxl,üêü (Pixiv Fanbox)/rpLTvuW2Gv8DYfOR4DezerUa.jxl,,171676,2025-04-21,23:21:54,jxl,jxl,file,E:\1Hub\EH\[02COS]\[Dal]\#compare\üêü [Pixiv Fanbox][Dal].zip
t3VB5uGOHLbaqjx90jaa1rrj.jxl,üêü (Pixiv Fanbox)/t3VB5uGOHLbaqjx90jaa1rrj.jxl,,177468,2025-04-21,23:21:54,jxl,jxl,file,E:\1Hub\EH\[02COS]\[Dal]\#compare\üêü [Pixiv Fanbox][Dal].zip
8Sg2G7TiQLoCR7qjbKaHHkBz.jxl,üíö (Pixiv Fanbox)/8Sg2G7TiQLoCR7qjbKaHHkBz.jxl,,255281,2025-04-21,23:22:04,jxl,jxl,file,E:\1Hub\EH\[02COS]\[Dal]\#compare\üíö [Pixiv Fanbox][Dal].zip
BdFjHMGRjqcdxJnUeR7cDbX8.jxl,üíö (Pixiv Fanbox)/BdFjHMGRjqcdxJnUeR7cDbX8.jxl,,192466,2025-04-21,23:22:04,jxl,jxl,file,E:\1Hub\EH\[02COS]\[Dal]\#compare\üíö [Pixiv Fanbox][Dal].zip
EDeTcDQFxnexOTKpc8q2gy43.jxl,üíö (Pixiv Fanbox)/EDeTcDQFxnexOTKpc8q2gy43.jxl,,146441,2025-04-21,23:22:06,jxl,jxl,file,E:\1Hub\EH\[02COS]\[Dal]\#compare\üíö [Pixiv Fanbox][Dal].zip
Vxt3nW3FclIadw6AajaAlmoq.jxl,üíö (Pixiv Fanbox)/Vxt3nW3FclIadw6AajaAlmoq.jxl,,61029,2025-04-21,23:22:06,jxl,jxl,file,E:\1Hub\EH\[02COS]\[Dal]\#compare\üíö [Pixiv Fanbox][Dal].zip
dWZNfXS7AdYJIVE0JRFN6IVL.jxl,üíö (Pixiv Fanbox)/dWZNfXS7AdYJIVE0JRFN6IVL.jxl,,182566,2025-04-21,23:22:04,jxl,jxl,file,E:\1Hub\EH\[02COS]\[Dal]\#compare\üíö [Pixiv Fanbox][Dal].zip
FJ36Z6sEFTxCDjEoU0gmNbWv.jxl,ü¶á‚ù§Ô∏è (Pixiv Fanbox)/FJ36Z6sEFTxCDjEoU0gmNbWv.jxl,,194258,2025-04-21,23:22:08,jxl,jxl,file,E:\1Hub\EH\[02COS]\[Dal]\#compare\ü¶á‚ù§Ô∏è [Pixiv Fanbox][Dal].zip
MWPEIVb2BHy5IiZXuVPEXupD.jxl,ü¶á‚ù§Ô∏è (Pixiv Fanbox)/MWPEIVb2BHy5IiZXuVPEXupD.jxl,,204051,2025-04-21,23:22:10,jxl,jxl,file,E:\1Hub\EH\[02COS]\[Dal]\#compare\ü¶á‚ù§Ô∏è [Pixiv Fanbox][Dal].zip
lu11VGE5omsohLHfx8DhNTOH.jxl,ü¶á‚ù§Ô∏è (Pixiv Fanbox)/lu11VGE5omsohLHfx8DhNTOH.jxl,,55425,2025-04-21,23:22:10,jxl,jxl,file,E:\1Hub\EH\[02COS]\[Dal]\#compare\ü¶á‚ù§Ô∏è [Pixiv Fanbox][Dal].zip
